Workbook

Sheet Literature Set
A1: Paper ID | B1: Title | C1: First author | D1: Year | E1: DOI / ID | F1: Found by ResearchRabbit | G1: Found by Litmaps | H1: Found by Semantic Scholar | I1: Found by Elicit | J1: # Tools | K1: Unique to one tool? | L1: Theme | M1: Type | N1: Why important for the review | O1: Prior source (Lab 1/2) | P1: Included? | Q1: Notes
A2: P01 | B2: Artificial intelligence in multidisciplinary tumor boards enhancing decision making and clinical outcomes in oncology | C2: Wang X | D2: 2025 | E2: 10.1016/j.isci.2025.114082 | F2: Y | J2: =COUNTIF(F2:I2,"Y") | K2: =IF(J2=1,INDEX($F$1:$I$1,MATCH("Y",F2:I2,0)),"") | L2: T1 MTB/VTB foundations & implementation | M2: Recent | N2: Review of AI roles across MTB workflow; framing paper | O2: Lab1 seed
A3: P02 | B3: The Fidelity of Artificial Intelligence to Multidisciplinary Tumor Board Recommendations for Patients with Gastric Cancer: A Retrospective Study | C3: Park YE | D3: 2023 | E3: 10.1007/s12029-023-00967-8 | F3: Y | J3: =COUNTIF(F3:I3,"Y") | K3: =IF(J3=1,INDEX($F$1:$I$1,MATCH("Y",F3:I3,0)),"") | L3: T2 Single-LLM vs MTB concordance | M3: Influential | N3: Single-AI vs MTB concordance, gastric cancer | O3: Lab1 seed
A4: P03 | B4: EvoMDT: a self-evolving multi-agent system for structured clinical decision-making in multi-cancer | C4: Liu Q | D4: 2026 | E4: 10.1038/s41746-025-02304-8 | F4: Y | J4: =COUNTIF(F4:I4,"Y") | K4: =IF(J4=1,INDEX($F$1:$I$1,MATCH("Y",F4:I4,0)),"") | L4: T3 Multi-agent LLM systems | M4: Recent | N4: Core multi-agent MDT system; self-evolving agents | O4: Lab1 seed
A5: P04 | B5: National Cancer Grid Virtual Tumor Boards of Head and Neck Cancers: An Innovative Approach to Multidisciplinary Care | C5: Thiagarajan S | D5: 2023 | E5: 10.1200/GO.22.00348 | F5: Y | J5: =COUNTIF(F5:I5,"Y") | K5: =IF(J5=1,INDEX($F$1:$I$1,MATCH("Y",F5:I5,0)),"") | L5: T1 MTB/VTB foundations & implementation | M5: Influential | N5: Large-scale VTB in LMIC (India) setting | O5: Lab1 seed
A6: P05 | B6: The Emergence of Virtual Tumor Boards in Neuro-Oncology: Opportunities and Challenges | C6: Ekhator C | D6: 2022 | E6: 10.7759/cureus.25682 | F6: Y | J6: =COUNTIF(F6:I6,"Y") | K6: =IF(J6=1,INDEX($F$1:$I$1,MATCH("Y",F6:I6,0)),"") | L6: T1 MTB/VTB foundations & implementation | M6: Influential | N6: VTB opportunities/challenges, neuro-oncology | O6: Lab1 seed
A7: P06 | B7: Multidisciplinary tumor board decisions and artificial intelligence-generated recommendations in general surgery: a retrospective observational study | C7: Zengin A | D7: 2026 | E7: 10.1007/s13304-026-02749-w | F7: Y | J7: =COUNTIF(F7:I7,"Y") | K7: =IF(J7=1,INDEX($F$1:$I$1,MATCH("Y",F7:I7,0)),"") | L7: T2 Single-LLM vs MTB concordance | M7: Recent | N7: Recent LLM vs MTB concordance, surgery | O7: Lab1 seed
A8: P07 | B8: Rate of Whole-Breast Hypofractionated Radiation Therapy Before Versus After Virtual Tumor Board Implementation | C8: Powell AC | D8: 2021 | E8: 10.1200/OP.20.00480 | F8: Y | J8: =COUNTIF(F8:I8,"Y") | K8: =IF(J8=1,INDEX($F$1:$I$1,MATCH("Y",F8:I8,0)),"") | L8: T1 MTB/VTB foundations & implementation | M8: Influential | N8: Measured practice change after VTB rollout | O8: Lab1 seed | Q8: CHECK: RR lists journal as 'Organic Process Research & Development' (wrong, 10.1200 = ASCO). references.md maps this DOI to a different title ('Enhancing Adoption and Utility of Virtual Tumor Boards...') - confirm which title owns the DOI.
A9: P08 | B9: Artificial intelligence versus clinicians: systematic review of design, reporting standards, and claims of deep learning studies | C9: Nagendran M | D9: 2020 | E9: 10.1136/bmj.m689 | F9: Y | J9: =COUNTIF(F9:I9,"Y") | K9: =IF(J9=1,INDEX($F$1:$I$1,MATCH("Y",F9:I9,0)),"") | L9: T4 Evaluation & benchmarks | M9: Foundational | N9: Methodological critique of AI-vs-clinician studies
A10: P09 | B10: Implementing multidisciplinary tumor boards in oncology: a narrative review | C10: Mano MS | D10: 2021 | E10: 10.2217/fon-2021-0471 | F10: Y | J10: =COUNTIF(F10:I10,"Y") | K10: =IF(J10=1,INDEX($F$1:$I$1,MATCH("Y",F10:I10,0)),"") | L10: T1 MTB/VTB foundations & implementation | M10: Foundational | N10: How MTBs are implemented; baseline
A11: P10 | B11: Evaluating ChatGPT as an adjunct for the multidisciplinary tumor board decision-making in primary breast cancer cases | C11: Lukac S | D11: 2023 | E11: 10.1007/s00404-023-07130-5 | F11: Y | J11: =COUNTIF(F11:I11,"Y") | K11: =IF(J11=1,INDEX($F$1:$I$1,MATCH("Y",F11:I11,0)),"") | L11: T2 Single-LLM vs MTB concordance | M11: Influential | N11: Early ChatGPT vs breast MTB
A12: P11 | B12: The Role of Artificial Intelligence on Tumor Boards: Perspectives from Surgeons, Medical Oncologists and Radiation Oncologists | C12: Nardone V | D12: 2024 | E12: 10.3390/curroncol31090369 | F12: Y | J12: =COUNTIF(F12:I12,"Y") | K12: =IF(J12=1,INDEX($F$1:$I$1,MATCH("Y",F12:I12,0)),"") | L12: T5 Ethics, accountability, trust | M12: Recent | N12: Clinician attitudes to AI in MTBs
A13: P12 | B13: The Advent of the Virtual MDT Meeting: Do Remote Meetings Work? | C13: Mohamedbhai H | D13: 2021 | E13: 10.1016/j.bjoms.2021.05.015 | F13: Y | J13: =COUNTIF(F13:I13,"Y") | K13: =IF(J13=1,INDEX($F$1:$I$1,MATCH("Y",F13:I13,0)),"") | L13: T1 MTB/VTB foundations & implementation | M13: Influential | N13: Remote MDT effectiveness
A14: P13 | B14: Regionalization of Head and Neck Oncology Tumor Boards: Perspectives of Collaborating Physicians | C14: Amin N | D14: 2023 | E14: 10.1002/oto2.18 | F14: Y | J14: =COUNTIF(F14:I14,"Y") | K14: =IF(J14=1,INDEX($F$1:$I$1,MATCH("Y",F14:I14,0)),"") | L14: T1 MTB/VTB foundations & implementation | M14: Recent | N14: Regional/virtual collaboration perspectives
A15: P14 | B15: Large language model (ChatGPT) as a support tool for breast tumor board | C15: Sorin V | D15: 2023 | E15: 10.1038/s41523-023-00557-8 | F15: Y | J15: =COUNTIF(F15:I15,"Y") | K15: =IF(J15=1,INDEX($F$1:$I$1,MATCH("Y",F15:I15,0)),"") | L15: T2 Single-LLM vs MTB concordance | M15: Influential | N15: Most-cited LLM-vs-MTB study (breast)
A16: P15 | B16: Challenging ChatGPT 3.5 in Senology - An Assessment of Concordance with Breast Cancer Tumor Board Decision Making | C16: Griewing S | D16: 2023 | E16: 10.3390/jpm13101502 | F16: Y | J16: =COUNTIF(F16:I16,"Y") | K16: =IF(J16=1,INDEX($F$1:$I$1,MATCH("Y",F16:I16,0)),"") | L16: T2 Single-LLM vs MTB concordance | M16: Influential | N16: Concordance with breast MTB
A17: P16 | B17: How well does the virtual format of oncology multidisciplinary team meetings work? An assessment of participant perspectives | C17: Rehman MA | D17: 2023 | E17: 10.1371/journal.pone.0294635 | F17: Y | J17: =COUNTIF(F17:I17,"Y") | K17: =IF(J17=1,INDEX($F$1:$I$1,MATCH("Y",F17:I17,0)),"") | L17: T1 MTB/VTB foundations & implementation | M17: Recent | N17: Participant view of virtual MDTs
A18: P17 | B18: A policy framework for commissioning cancer services (Calman-Hine) | C18: Whitehouse MR | D18: 1995 | E18: 10.1136/bmj.310.6992.1425 | F18: Y | J18: =COUNTIF(F18:I18,"Y") | K18: =IF(J18=1,INDEX($F$1:$I$1,MATCH("Y",F18:I18,0)),"") | L18: T1 MTB/VTB foundations & implementation | M18: Foundational | N18: Origin of MDT-based cancer care policy
A19: P18 | B19: Conversational artificial intelligence (chatGPT) in the management of complex colorectal cancer patients: early experience | C19: Choo JM | D19: 2023 | E19: 10.1111/ans.18749 | F19: Y | J19: =COUNTIF(F19:I19,"Y") | K19: =IF(J19=1,INDEX($F$1:$I$1,MATCH("Y",F19:I19,0)),"") | L19: T2 Single-LLM vs MTB concordance | M19: Influential | N19: LLM vs MTB, colorectal
A20: P19 | B20: Concordance of a decision algorithm and multidisciplinary team meetings for patients with liver cancer - a study protocol | C20: Ng SST | D20: 2023 | E20: 10.1186/s13063-023-07610-8 | F20: Y | J20: =COUNTIF(F20:I20,"Y") | K20: =IF(J20=1,INDEX($F$1:$I$1,MATCH("Y",F20:I20,0)),"") | L20: T2 Single-LLM vs MTB concordance | M20: Recent | N20: Prospective protocol: algorithm vs MDT (liver)
... A22: P21 | B22: Transition to a virtual multidisciplinary tumor board during the COVID-19 pandemic: University of Pittsburgh experience | C22: Dharmarajan H | D22: 2020 | E22: 10.1002/hed.26195 | F22: Y | J22: =COUNTIF(F22:I22,"Y") | K22: =IF(J22=1,INDEX($F$1:$I$1,MATCH("Y",F22:I22,0)),"") | L22: T1 MTB/VTB foundations & implementation | M22: Influential | N22: COVID-era VTB transition
A23: P22 | B23: Tumour boards and their quality of structures, processes, and team performance in multidisciplinary cancer care: a systematic review | D23: 2026 | E23: 10.1186/s12913-026-14447-9 | F23: N | J23: =COUNTIF(F23:I23,"Y") | K23: =IF(J23=1,INDEX($F$1:$I$1,MATCH("Y",F23:I23,0)),"") | L23: T1 MTB/VTB foundations & implementation | M23: Recent | N23: 97-study synthesis of MTB quality | O23: Lab2 repo
A24: P23 | B24: Process quality of decision-making in multidisciplinary cancer team meetings: a structured observational study | E24: PMC5693525 | F24: N | J24: =COUNTIF(F24:I24,"Y") | K24: =IF(J24=1,INDEX($F$1:$I$1,MATCH("Y",F24:I24,0)),"") | L24: T1 MTB/VTB foundations & implementation | M24: Foundational | N24: Baseline process quality of human MDTs | O24: Lab2 repo
A25: P24 | B25: Higher number of multidisciplinary tumor board meetings per case leads to improved clinical outcome | D25: 2020 | E25: 10.1186/s12885-020-06809-1 | F25: N | J25: =COUNTIF(F25:I25,"Y") | K25: =IF(J25=1,INDEX($F$1:$I$1,MATCH("Y",F25:I25,0)),"") | L25: T1 MTB/VTB foundations & implementation | M25: Foundational | N25: MTB exposure linked to outcomes | O25: Lab2 repo
A26: P25 | B26: The impact of tumor board on cancer care: evidence from an umbrella review | E26: PMC6995197 | F26: N | J26: =COUNTIF(F26:I26,"Y") | K26: =IF(J26=1,INDEX($F$1:$I$1,MATCH("Y",F26:I26,0)),"") | L26: T1 MTB/VTB foundations & implementation | M26: Foundational | N26: Umbrella review of MTB impact | O26: Lab2 repo
A27: P26 | B27: Virtual multi-institutional tumor board: a strategy for personalized diagnoses and management of rare CNS tumors | D27: 2024 | E27: 10.1007/s11060-024-04613-6 | F27: N | J27: =COUNTIF(F27:I27,"Y") | K27: =IF(J27=1,INDEX($F$1:$I$1,MATCH("Y",F27:I27,0)),"") | L27: T1 MTB/VTB foundations & implementation | M27: Recent | N27: Multi-institution VTB for rare tumours | O27: Lab2 repo
A28: P27 | B28: AutoGen: Enabling Next-Gen LLM Applications via Multi-Agent Conversation Framework | C28: Wu Q | D28: 2023 | E28: arXiv:2308.08155 | F28: N | J28: =COUNTIF(F28:I28,"Y") | K28: =IF(J28=1,INDEX($F$1:$I$1,MATCH("Y",F28:I28,0)),"") | L28: T3 Multi-agent LLM systems | M28: Foundational | N28: General multi-agent conversation framework | O28: Lab2 repo
A29: P28 | B29: MedAgents: Large Language Models as Collaborators for Zero-shot Medical Reasoning | C29: Tang X | D29: 2024 | E29: arXiv:2311.10537 | F29: N | J29: =COUNTIF(F29:I29,"Y") | K29: =IF(J29=1,INDEX($F$1:$I$1,MATCH("Y",F29:I29,0)),"") | L29: T3 Multi-agent LLM systems | M29: Foundational | N29: Role-play multi-expert medical reasoning | O29: Lab2 repo
A30: P29 | B30: MDAgents: An Adaptive Collaboration of LLMs for Medical Decision-Making | C30: Kim Y | D30: 2024 | E30: arXiv:2404.15155 | F30: N | J30: =COUNTIF(F30:I30,"Y") | K30: =IF(J30=1,INDEX($F$1:$I$1,MATCH("Y",F30:I30,0)),"") | L30: T3 Multi-agent LLM systems | M30: Foundational | N30: Adaptive MDT-style agent collaboration | O30: Lab2 repo
A31: P30 | B31: AgentClinic: a multimodal agent benchmark to evaluate AI in simulated clinical environments | C31: Schmidgall S | D31: 2024 | E31: arXiv:2405.07960 | F31: N | J31: =COUNTIF(F31:I31,"Y") | K31: =IF(J31=1,INDEX($F$1:$I$1,MATCH("Y",F31:I31,0)),"") | L31: T4 Evaluation & benchmarks | M31: Influential | N31: Agent benchmark in simulated clinics | O31: Lab2 repo
A32: P31 | B32: MTBBench: A Multimodal Sequential Clinical Decision-Making Benchmark in Oncology | D32: 2025 | E32: arXiv:2511.20490 | F32: N | J32: =COUNTIF(F32:I32,"Y") | K32: =IF(J32=1,INDEX($F$1:$I$1,MATCH("Y",F32:I32,0)),"") | L32: T4 Evaluation & benchmarks | M32: Recent | N32: Oncology MTB-specific benchmark | O32: Lab2 repo
A33: P32 | B33: Virtual oncology collaborative tumor board using multiple artificial intelligence agents | D33: 2025 | E33: 10.1200/JCO.2025.43.16_suppl.1563 | F33: N | J33: =COUNTIF(F33:I33,"Y") | K33: =IF(J33=1,INDEX($F$1:$I$1,MATCH("Y",F33:I33,0)),"") | L33: T3 Multi-agent LLM systems | M33: Recent | N33: ASCO abstract: multi-agent VTB | O33: Lab2 repo
A34: P33 | B34: Tumor Board-Inspired Multiagent Artificial Intelligence System for Interpreting Oncology Guidelines | D34: 2025 | E34: 10.1200/CCI-25-00286 | F34: N | J34: =COUNTIF(F34:I34,"Y") | K34: =IF(J34=1,INDEX($F$1:$I$1,MATCH("Y",F34:I34,0)),"") | L34: T3 Multi-agent LLM systems | M34: Recent | N34: Multi-agent guideline interpretation | O34: Lab2 repo
A35: P34 | B35: Development, Evaluation, and Deployment of a Multi-Agent System for Thoracic Tumor Board | D35: 2026 | E35: arXiv:2604.12161 | F35: N | J35: =COUNTIF(F35:I35,"Y") | K35: =IF(J35=1,INDEX($F$1:$I$1,MATCH("Y",F35:I35,0)),"") | L35: T3 Multi-agent LLM systems | M35: Recent | N35: Deployed thoracic MAS; closest to real use | O35: Lab2 repo
A36: P35 | B36: VISTA Architect: A graph database-oriented health AI system demonstrated in multidisciplinary tumor boards | D36: 2026 | E36: arXiv:2606.22692 | F36: N | J36: =COUNTIF(F36:I36,"Y") | K36: =IF(J36=1,INDEX($F$1:$I$1,MATCH("Y",F36:I36,0)),"") | L36: T3 Multi-agent LLM systems | M36: Recent | N36: Graph-DB architecture for MTB AI | O36: Lab2 repo
A37: P36 | B37: TumorBoard: Evidence-Grounded Multi-Agent Decision Support for Longitudinal Neuro-Oncology | D37: 2026 | E37: arXiv:2608.03190 | F37: N | J37: =COUNTIF(F37:I37,"Y") | K37: =IF(J37=1,INDEX($F$1:$I$1,MATCH("Y",F37:I37,0)),"") | L37: T3 Multi-agent LLM systems | M37: Recent | N37: Evidence-grounded longitudinal MAS | O37: Lab2 repo
A38: P37 | B38: Artificial intelligence-driven virtual tumor board enhances precision care in myelodysplastic syndromes | D38: 2026 | E38: medRxiv 2026.03.26.26349088 | F38: N | J38: =COUNTIF(F38:I38,"Y") | K38: =IF(J38=1,INDEX($F$1:$I$1,MATCH("Y",F38:I38,0)),"") | L38: T3 Multi-agent LLM systems | M38: Recent | N38: Haematologic AI-VTB (preprint) | O38: Lab2 repo
A39: P38 | B39: Simulating a virtual tumor board with large language models: a pilot study in NSCLC patients receiving immunotherapy | D39: 2025 | E39: 10.1080/1750743X.2025.2580272 | F39: N | J39: =COUNTIF(F39:I39,"Y") | K39: =IF(J39=1,INDEX($F$1:$I$1,MATCH("Y",F39:I39,0)),"") | L39: T3 Multi-agent LLM systems | M39: Recent | N39: LLM-simulated VTB pilot, NSCLC | O39: Lab2 repo

Sheet Tool Summary
A1: Tool | B1: Papers found (all candidates) | C1: Papers found (Included=Y) | D1: Unique to tool (Included=Y)
A2: ResearchRabbit | B2: =COUNTIF('Literature Set'!F2:F200,"Y") | C2: =COUNTIFS('Literature Set'!F2:F200,"Y",'Literature Set'!P2:P200,"Y") | D2: =COUNTIFS('Literature Set'!K2:K200,"Found by ResearchRabbit",'Literature Set'!P2:P200,"Y")
A3: Litmaps | B3: =COUNTIF('Literature Set'!G2:G200,"Y") | C3: =COUNTIFS('Literature Set'!G2:G200,"Y",'Literature Set'!P2:P200,"Y") | D3: =COUNTIFS('Literature Set'!K2:K200,"Found by Litmaps",'Literature Set'!P2:P200,"Y")
A4: Semantic Scholar | B4: =COUNTIF('Literature Set'!H2:H200,"Y") | C4: =COUNTIFS('Literature Set'!H2:H200,"Y",'Literature Set'!P2:P200,"Y") | D4: =COUNTIFS('Literature Set'!K2:K200,"Found by Semantic Scholar",'Literature Set'!P2:P200,"Y")
A5: Elicit | B5: =COUNTIF('Literature Set'!I2:I200,"Y") | C5: =COUNTIFS('Literature Set'!I2:I200,"Y",'Literature Set'!P2:P200,"Y") | D5: =COUNTIFS('Literature Set'!K2:K200,"Found by Elicit",'Literature Set'!P2:P200,"Y")
A7: Total candidates | B7: =COUNTA('Literature Set'!A2:A200)
A8: Included | B8: =COUNTIF('Literature Set'!P2:P200,"Y")
A10: Theme | B10: Candidates | C10: Included
A11: T1 MTB/VTB foundations & implementation | B11: =COUNTIF('Literature Set'!L2:L200,"T1 MTB/VTB foundations & implementation") | C11: =COUNTIFS('Literature Set'!L2:L200,"T1 MTB/VTB foundations & implementation",'Literature Set'!P2:P200,"Y")
A12: T2 Single-LLM vs MTB concordance | B12: =COUNTIF('Literature Set'!L2:L200,"T2 Single-LLM vs MTB concordance") | C12: =COUNTIFS('Literature Set'!L2:L200,"T2 Single-LLM vs MTB concordance",'Literature Set'!P2:P200,"Y")
A13: T3 Multi-agent LLM systems | B13: =COUNTIF('Literature Set'!L2:L200,"T3 Multi-agent LLM systems") | C13: =COUNTIFS('Literature Set'!L2:L200,"T3 Multi-agent LLM systems",'Literature Set'!P2:P200,"Y")
A14: T4 Evaluation & benchmarks | B14: =COUNTIF('Literature Set'!L2:L200,"T4 Evaluation & benchmarks") | C14: =COUNTIFS('Literature Set'!L2:L200,"T4 Evaluation & benchmarks",'Literature Set'!P2:P200,"Y")
A15: T5 Ethics, accountability, trust | B15: =COUNTIF('Literature Set'!L2:L200,"T5 Ethics, accountability, trust") | C15: =COUNTIFS('Literature Set'!L2:L200,"T5 Ethics, accountability, trust",'Literature Set'!P2:P200,"Y")
A17: Type | B17: Candidates | C17: Included
A18: Foundational | B18: =COUNTIF('Literature Set'!M2:M200,"Foundational") | C18: =COUNTIFS('Literature Set'!M2:M200,"Foundational",'Literature Set'!P2:P200,"Y")
A19: Influential | B19: =COUNTIF('Literature Set'!M2:M200,"Influential") | C19: =COUNTIFS('Literature Set'!M2:M200,"Influential",'Literature Set'!P2:P200,"Y")
A20: Recent | B20: =COUNTIF('Literature Set'!M2:M200,"Recent") | C20: =COUNTIFS('Literature Set'!M2:M200,"Recent",'Literature Set'!P2:P200,"Y")

Sheet How to use
A1: Tick Y in a tool's column for EVERY paper that tool surfaced (even if already in the sheet). Leave blank until you've run that tool.
A2: Add new papers at the bottom (P39, P40...). Copy the # Tools and Unique formulas down.
A3: Set Included? = Y for the final 25-30 papers. Tool Summary then gives Part E numbers automatically.
A4: Found by ResearchRabbit is pre-filled from the Lab 3 collection (21 papers). Lab 2 papers are candidates only - they count for a tool only once that tool actually returns them.
